{"postalCode":"2892156","addresses":[{"prefectureCode":"12","ja":{"prefecture":"千葉県","address1":"匝瑳市","address2":"長岡","address3":"","address4":""},"kana":{"prefecture":"チバケン","address1":"ソウサシ","address2":"ナガオカ","address3":"","address4":""},"en":{"prefecture":"Chiba","address1":"Sosa-shi","address2":"Nagaoka","address3":"","address4":""}},{"prefectureCode":"12","ja":{"prefecture":"千葉県","address1":"匝瑳市","address2":"長丘","address3":"","address4":""},"kana":{"prefecture":"チバケン","address1":"ソウサシ","address2":"ナガオカ","address3":"","address4":""},"en":{"prefecture":"","address1":"","address2":"","address3":"","address4":""}}]}